total_unique_questions,total_requests,cache_hits,cache_hit_rate,avg_quality_score,median_quality_score,std_quality_score,experiment
271,274,3,1.094890510948905,0.10126236162361622,0.0729,0.11096186592346441,exp4_lru_uniform
176,177,1,0.5649717514124294,0.08112499999999999,0.060200000000000004,0.08393490845377063,exp3_fifo_poisson
189,190,1,0.5263157894736842,0.09638253968253967,0.0728,0.1051962480213578,exp2_lfu_poisson
4,4,0,0.0,0.09995000000000001,0.0737,0.10940693152934447,exp1
243,243,0,0.0,0.10244074074074072,0.0803,0.1091419870321836,exp1_lru_poisson
208,208,0,0.0,0.1007735576923077,0.0814,0.09447591837340916,exp5_lru_exponential
